Sigla;Código;Estado;Melhora;Ano;IDH
AC;12;Acre;0,352;1991;0,402
AL;27;Alagoas;0,376;1991;0,37
AM;13;Amazonas;0,337;1991;0,43
AP;16;Amapá;0,28700000000000003;1991;0,472
BA;29;Bahia;0,373;1991;0,386
CE;23;Ceará;0,368;1991;0,405
DF;53;Distrito Federal;0,25;1991;0,616
ES;32;Espírito Santo;0,29900000000000004;1991;0,505
GO;52;Goiás;0,32799999999999996;1991;0,487
MA;21;Maranhão;0,388;1991;0,357
MG;31;Minas Gerais;0,33100000000000007;1991;0,478
MS;50;Mato Grosso do Sul;0,30900000000000005;1991;0,488
MT;51;Mato Grosso;0,36300000000000004;1991;0,449
PA;15;Pará;0,34500000000000003;1991;0,413
PB;25;Paraíba;0,378;1991;0,382
PE;26;Pernambuco;0,327;1991;0,44
PI;22;Piauí;0,402;1991;0,362
PR;41;Paraná;0,31499999999999995;1991;0,507
RJ;33;Rio de Janeiro;0,246;1991;0,573
RN;24;Rio Grande do Norte;0,35000000000000003;1991;0,428
RO;11;Rondônia;0,37900000000000006;1991;0,407
RR;14;Roraima;0,321;1991;0,459
RS;43;Rio Grande do Sul;0,2759999999999999;1991;0,542
SC;42;Santa Catarina;0,2899999999999999;1991;0,543
SE;28;Sergipe;0,35300000000000004;1991;0,408
SP;35;São Paulo;0,26;1991;0,578
TO;17;Tocantins;0,42800000000000005;1991;0,369
AC;12;Acre;0,352;2000;0,517
AL;27;Alagoas;0,376;2000;0,471
AM;13;Amazonas;0,337;2000;0,515
AP;16;Amapá;0,28700000000000003;2000;0,577
BA;29;Bahia;0,373;2000;0,512
CE;23;Ceará;0,368;2000;0,541
DF;53;Distrito Federal;0,25;2000;0,725
ES;32;Espírito Santo;0,29900000000000004;2000;0,64
GO;52;Goiás;0,32799999999999996;2000;0,615
MA;21;Maranhão;0,388;2000;0,476
MG;31;Minas Gerais;0,33100000000000007;2000;0,624
MS;50;Mato Grosso do Sul;0,30900000000000005;2000;0,613
MT;51;Mato Grosso;0,36300000000000004;2000;0,601
PA;15;Pará;0,34500000000000003;2000;0,518
PB;25;Paraíba;0,378;2000;0,506
PE;26;Pernambuco;0,327;2000;0,544
PI;22;Piauí;0,402;2000;0,484
PR;41;Paraná;0,31499999999999995;2000;0,65
RJ;33;Rio de Janeiro;0,246;2000;0,664
RN;24;Rio Grande do Norte;0,35000000000000003;2000;0,552
RO;11;Rondônia;0,37900000000000006;2000;0,537
RR;14;Roraima;0,321;2000;0,598
RS;43;Rio Grande do Sul;0,2759999999999999;2000;0,664
SC;42;Santa Catarina;0,2899999999999999;2000;0,674
SE;28;Sergipe;0,35300000000000004;2000;0,518
SP;35;São Paulo;0,26;2000;0,702
TO;17;Tocantins;0,42800000000000005;2000;0,525
AC;12;Acre;0,352;2010;0,663
AL;27;Alagoas;0,376;2010;0,631
AM;13;Amazonas;0,337;2010;0,674
AP;16;Amapá;0,28700000000000003;2010;0,708
BA;29;Bahia;0,373;2010;0,66
CE;23;Ceará;0,368;2010;0,682
DF;53;Distrito Federal;0,25;2010;0,824
ES;32;Espírito Santo;0,29900000000000004;2010;0,74
GO;52;Goiás;0,32799999999999996;2010;0,735
MA;21;Maranhão;0,388;2010;0,639
MG;31;Minas Gerais;0,33100000000000007;2010;0,731
MS;50;Mato Grosso do Sul;0,30900000000000005;2010;0,729
MT;51;Mato Grosso;0,36300000000000004;2010;0,725
PA;15;Pará;0,34500000000000003;2010;0,646
PB;25;Paraíba;0,378;2010;0,658
PE;26;Pernambuco;0,327;2010;0,673
PI;22;Piauí;0,402;2010;0,646
PR;41;Paraná;0,31499999999999995;2010;0,749
RJ;33;Rio de Janeiro;0,246;2010;0,761
RN;24;Rio Grande do Norte;0,35000000000000003;2010;0,684
RO;11;Rondônia;0,37900000000000006;2010;0,69
RR;14;Roraima;0,321;2010;0,707
RS;43;Rio Grande do Sul;0,2759999999999999;2010;0,746
SC;42;Santa Catarina;0,2899999999999999;2010;0,774
SE;28;Sergipe;0,35300000000000004;2010;0,665
SP;35;São Paulo;0,26;2010;0,783
TO;17;Tocantins;0,42800000000000005;2010;0,699
AC;12;Acre;0,352;2012;0,705
AL;27;Alagoas;0,376;2012;0,657
AM;13;Amazonas;0,337;2012;0,706
AP;16;Amapá;0,28700000000000003;2012;0,709
BA;29;Bahia;0,373;2012;0,684
CE;23;Ceará;0,368;2012;0,709
DF;53;Distrito Federal;0,25;2012;0,824
ES;32;Espírito Santo;0,29900000000000004;2012;0,747
GO;52;Goiás;0,32799999999999996;2012;0,744
MA;21;Maranhão;0,388;2012;0,669
MG;31;Minas Gerais;0,33100000000000007;2012;0,743
MS;50;Mato Grosso do Sul;0,30900000000000005;2012;0,732
MT;51;Mato Grosso;0,36300000000000004;2012;0,743
PA;15;Pará;0,34500000000000003;2012;0,677
PB;25;Paraíba;0,378;2012;0,679
PE;26;Pernambuco;0,327;2012;0,692
PI;22;Piauí;0,402;2012;0,68
PR;41;Paraná;0,31499999999999995;2012;0,763
RJ;33;Rio de Janeiro;0,246;2012;0,755
RN;24;Rio Grande do Norte;0,35000000000000003;2012;0,695
RO;11;Rondônia;0,37900000000000006;2012;0,708
RR;14;Roraima;0,321;2012;0,761
RS;43;Rio Grande do Sul;0,2759999999999999;2012;0,753
SC;42;Santa Catarina;0,2899999999999999;2012;0,782
SE;28;Sergipe;0,35300000000000004;2012;0,691
SP;35;São Paulo;0,26;2012;0,803
TO;17;Tocantins;0,42800000000000005;2012;0,721
AC;12;Acre;0,352;2013;0,709
AL;27;Alagoas;0,376;2013;0,653
AM;13;Amazonas;0,337;2013;0,717
AP;16;Amapá;0,28700000000000003;2013;0,735
BA;29;Bahia;0,373;2013;0,686
CE;23;Ceará;0,368;2013;0,712
DF;53;Distrito Federal;0,25;2013;0,834
ES;32;Espírito Santo;0,29900000000000004;2013;0,755
GO;52;Goiás;0,32799999999999996;2013;0,753
MA;21;Maranhão;0,388;2013;0,682
MG;31;Minas Gerais;0,33100000000000007;2013;0,751
MS;50;Mato Grosso do Sul;0,30900000000000005;2013;0,741
MT;51;Mato Grosso;0,36300000000000004;2013;0,757
PA;15;Pará;0,34500000000000003;2013;0,684
PB;25;Paraíba;0,378;2013;0,675
PE;26;Pernambuco;0,327;2013;0,708
PI;22;Piauí;0,402;2013;0,7
PR;41;Paraná;0,31499999999999995;2013;0,773
RJ;33;Rio de Janeiro;0,246;2013;0,761
RN;24;Rio Grande do Norte;0,35000000000000003;2013;0,708
RO;11;Rondônia;0,37900000000000006;2013;0,702
RR;14;Roraima;0,321;2013;0,757
RS;43;Rio Grande do Sul;0,2759999999999999;2013;0,762
SC;42;Santa Catarina;0,2899999999999999;2013;0,791
SE;28;Sergipe;0,35300000000000004;2013;0,689
SP;35;São Paulo;0,26;2013;0,809
TO;17;Tocantins;0,42800000000000005;2013;0,73
AC;12;Acre;0,352;2014;0,719
AL;27;Alagoas;0,376;2014;0,67
AM;13;Amazonas;0,337;2014;0,72
AP;16;Amapá;0,28700000000000003;2014;0,726
BA;29;Bahia;0,373;2014;0,7
CE;23;Ceará;0,368;2014;0,717
DF;53;Distrito Federal;0,25;2014;0,834
ES;32;Espírito Santo;0,29900000000000004;2014;0,763
GO;52;Goiás;0,32799999999999996;2014;0,759
MA;21;Maranhão;0,388;2014;0,683
MG;31;Minas Gerais;0,33100000000000007;2014;0,764
MS;50;Mato Grosso do Sul;0,30900000000000005;2014;0,743
MT;51;Mato Grosso;0,36300000000000004;2014;0,761
PA;15;Pará;0,34500000000000003;2014;0,696
PB;25;Paraíba;0,378;2014;0,697
PE;26;Pernambuco;0,327;2014;0,72
PI;22;Piauí;0,402;2014;0,705
PR;41;Paraná;0,31499999999999995;2014;0,779
RJ;33;Rio de Janeiro;0,246;2014;0,771
RN;24;Rio Grande do Norte;0,35000000000000003;2014;0,721
RO;11;Rondônia;0,37900000000000006;2014;0,709
RR;14;Roraima;0,321;2014;0,762
RS;43;Rio Grande do Sul;0,2759999999999999;2014;0,767
SC;42;Santa Catarina;0,2899999999999999;2014;0,796
SE;28;Sergipe;0,35300000000000004;2014;0,702
SP;35;São Paulo;0,26;2014;0,815
TO;17;Tocantins;0,42800000000000005;2014;0,749
AC;12;Acre;0,352;2015;0,719
AL;27;Alagoas;0,376;2015;0,669
AM;13;Amazonas;0,337;2015;0,724
AP;16;Amapá;0,28700000000000003;2015;0,728
BA;29;Bahia;0,373;2015;0,708
CE;23;Ceará;0,368;2015;0,723
DF;53;Distrito Federal;0,25;2015;0,833
ES;32;Espírito Santo;0,29900000000000004;2015;0,766
GO;52;Goiás;0,32799999999999996;2015;0,758
MA;21;Maranhão;0,388;2015;0,69
MG;31;Minas Gerais;0,33100000000000007;2015;0,767
MS;50;Mato Grosso do Sul;0,30900000000000005;2015;0,737
MT;51;Mato Grosso;0,36300000000000004;2015;0,767
PA;15;Pará;0,34500000000000003;2015;0,701
PB;25;Paraíba;0,378;2015;0,71
PE;26;Pernambuco;0,327;2015;0,722
PI;22;Piauí;0,402;2015;0,711
PR;41;Paraná;0,31499999999999995;2015;0,776
RJ;33;Rio de Janeiro;0,246;2015;0,774
RN;24;Rio Grande do Norte;0,35000000000000003;2015;0,731
RO;11;Rondônia;0,37900000000000006;2015;0,72
RR;14;Roraima;0,321;2015;0,767
RS;43;Rio Grande do Sul;0,2759999999999999;2015;0,775
SC;42;Santa Catarina;0,2899999999999999;2015;0,798
SE;28;Sergipe;0,35300000000000004;2015;0,703
SP;35;São Paulo;0,26;2015;0,813
TO;17;Tocantins;0,42800000000000005;2015;0,739
AC;12;Acre;0,352;2016;0,723
AL;27;Alagoas;0,376;2016;0,68
AM;13;Amazonas;0,337;2016;0,723
AP;16;Amapá;0,28700000000000003;2016;0,732
BA;29;Bahia;0,373;2016;0,708
CE;23;Ceará;0,368;2016;0,727
DF;53;Distrito Federal;0,25;2016;0,842
ES;32;Espírito Santo;0,29900000000000004;2016;0,766
GO;52;Goiás;0,32799999999999996;2016;0,765
MA;21;Maranhão;0,388;2016;0,698
MG;31;Minas Gerais;0,33100000000000007;2016;0,77
MS;50;Mato Grosso do Sul;0,30900000000000005;2016;0,755
MT;51;Mato Grosso;0,36300000000000004;2016;0,766
PA;15;Pará;0,34500000000000003;2016;0,697
PB;25;Paraíba;0,378;2016;0,712
PE;26;Pernambuco;0,327;2016;0,72
PI;22;Piauí;0,402;2016;0,707
PR;41;Paraná;0,31499999999999995;2016;0,786
RJ;33;Rio de Janeiro;0,246;2016;0,776
RN;24;Rio Grande do Norte;0,35000000000000003;2016;0,729
RO;11;Rondônia;0,37900000000000006;2016;0,724
RR;14;Roraima;0,321;2016;0,761
RS;43;Rio Grande do Sul;0,2759999999999999;2016;0,776
SC;42;Santa Catarina;0,2899999999999999;2016;0,801
SE;28;Sergipe;0,35300000000000004;2016;0,702
SP;35;São Paulo;0,26;2016;0,824
TO;17;Tocantins;0,42800000000000005;2016;0,739
AC;12;Acre;0,352;2017;0,711
AL;27;Alagoas;0,376;2017;0,682
AM;13;Amazonas;0,337;2017;0,743
AP;16;Amapá;0,28700000000000003;2017;0,731
BA;29;Bahia;0,373;2017;0,715
CE;23;Ceará;0,368;2017;0,737
DF;53;Distrito Federal;0,25;2017;0,842
ES;32;Espírito Santo;0,29900000000000004;2017;0,769
GO;52;Goiás;0,32799999999999996;2017;0,77
MA;21;Maranhão;0,388;2017;0,704
MG;31;Minas Gerais;0,33100000000000007;2017;0,777
MS;50;Mato Grosso do Sul;0,30900000000000005;2017;0,758
MT;51;Mato Grosso;0,36300000000000004;2017;0,769
PA;15;Pará;0,34500000000000003;2017;0,705
PB;25;Paraíba;0,378;2017;0,725
PE;26;Pernambuco;0,327;2017;0,72
PI;22;Piauí;0,402;2017;0,715
PR;41;Paraná;0,31499999999999995;2017;0,787
RJ;33;Rio de Janeiro;0,246;2017;0,778
RN;24;Rio Grande do Norte;0,35000000000000003;2017;0,723
RO;11;Rondônia;0,37900000000000006;2017;0,74
RR;14;Roraima;0,321;2017;0,758
RS;43;Rio Grande do Sul;0,2759999999999999;2017;0,781
SC;42;Santa Catarina;0,2899999999999999;2017;0,804
SE;28;Sergipe;0,35300000000000004;2017;0,705
SP;35;São Paulo;0,26;2017;0,82
TO;17;Tocantins;0,42800000000000005;2017;0,749
AC;12;Acre;0,352;2018;0,731
AL;27;Alagoas;0,376;2018;0,694
AM;13;Amazonas;0,337;2018;0,732
AP;16;Amapá;0,28700000000000003;2018;0,737
BA;29;Bahia;0,373;2018;0,714
CE;23;Ceará;0,368;2018;0,746
DF;53;Distrito Federal;0,25;2018;0,845
ES;32;Espírito Santo;0,29900000000000004;2018;0,776
GO;52;Goiás;0,32799999999999996;2018;0,776
MA;21;Maranhão;0,388;2018;0,706
MG;31;Minas Gerais;0,33100000000000007;2018;0,778
MS;50;Mato Grosso do Sul;0,30900000000000005;2018;0,767
MT;51;Mato Grosso;0,36300000000000004;2018;0,78
PA;15;Pará;0,34500000000000003;2018;0,719
PB;25;Paraíba;0,378;2018;0,719
PE;26;Pernambuco;0,327;2018;0,734
PI;22;Piauí;0,402;2018;0,719
PR;41;Paraná;0,31499999999999995;2018;0,797
RJ;33;Rio de Janeiro;0,246;2018;0,792
RN;24;Rio Grande do Norte;0,35000000000000003;2018;0,734
RO;11;Rondônia;0,37900000000000006;2018;0,751
RR;14;Roraima;0,321;2018;0,767
RS;43;Rio Grande do Sul;0,2759999999999999;2018;0,784
SC;42;Santa Catarina;0,2899999999999999;2018;0,807
SE;28;Sergipe;0,35300000000000004;2018;0,716
SP;35;São Paulo;0,26;2018;0,826
TO;17;Tocantins;0,42800000000000005;2018;0,76
AC;12;Acre;0,352;2019;0,738
AL;27;Alagoas;0,376;2019;0,693
AM;13;Amazonas;0,337;2019;0,739
AP;16;Amapá;0,28700000000000003;2019;0,732
BA;29;Bahia;0,373;2019;0,723
CE;23;Ceará;0,368;2019;0,754
DF;53;Distrito Federal;0,25;2019;0,86
ES;32;Espírito Santo;0,29900000000000004;2019;0,78
GO;52;Goiás;0,32799999999999996;2019;0,78
MA;21;Maranhão;0,388;2019;0,715
MG;31;Minas Gerais;0,33100000000000007;2019;0,787
MS;50;Mato Grosso do Sul;0,30900000000000005;2019;0,774
MT;51;Mato Grosso;0,36300000000000004;2019;0,782
PA;15;Pará;0,34500000000000003;2019;0,717
PB;25;Paraíba;0,378;2019;0,721
PE;26;Pernambuco;0,327;2019;0,74
PI;22;Piauí;0,402;2019;0,727
PR;41;Paraná;0,31499999999999995;2019;0,799
RJ;33;Rio de Janeiro;0,246;2019;0,795
RN;24;Rio Grande do Norte;0,35000000000000003;2019;0,738
RO;11;Rondônia;0,37900000000000006;2019;0,752
RR;14;Roraima;0,321;2019;0,757
RS;43;Rio Grande do Sul;0,2759999999999999;2019;0,788
SC;42;Santa Catarina;0,2899999999999999;2019;0,814
SE;28;Sergipe;0,35300000000000004;2019;0,713
SP;35;São Paulo;0,26;2019;0,833
TO;17;Tocantins;0,42800000000000005;2019;0,762
AC;12;Acre;0,352;2020;0,736
AL;27;Alagoas;0,376;2020;0,694
AM;13;Amazonas;0,337;2020;0,725
AP;16;Amapá;0,28700000000000003;2020;0,707
BA;29;Bahia;0,373;2020;0,726
CE;23;Ceará;0,368;2020;0,753
DF;53;Distrito Federal;0,25;2020;0,837
ES;32;Espírito Santo;0,29900000000000004;2020;0,773
GO;52;Goiás;0,32799999999999996;2020;0,777
MA;21;Maranhão;0,388;2020;0,715
MG;31;Minas Gerais;0,33100000000000007;2020;0,782
MS;50;Mato Grosso do Sul;0,30900000000000005;2020;0,771
MT;51;Mato Grosso;0,36300000000000004;2020;0,767
PA;15;Pará;0,34500000000000003;2020;0,723
PB;25;Paraíba;0,378;2020;0,716
PE;26;Pernambuco;0,327;2020;0,73
PI;22;Piauí;0,402;2020;0,724
PR;41;Paraná;0,31499999999999995;2020;0,793
RJ;33;Rio de Janeiro;0,246;2020;0,781
RN;24;Rio Grande do Norte;0,35000000000000003;2020;0,742
RO;11;Rondônia;0,37900000000000006;2020;0,752
RR;14;Roraima;0,321;2020;0,735
RS;43;Rio Grande do Sul;0,2759999999999999;2020;0,787
SC;42;Santa Catarina;0,2899999999999999;2020;0,805
SE;28;Sergipe;0,35300000000000004;2020;0,722
SP;35;São Paulo;0,26;2020;0,822
TO;17;Tocantins;0,42800000000000005;2020;0,76
AC;12;Acre;0,352;2021;0,702
AL;27;Alagoas;0,376;2021;0,691
AM;13;Amazonas;0,337;2021;0,7
AP;16;Amapá;0,28700000000000003;2021;0,681
BA;29;Bahia;0,373;2021;0,698
CE;23;Ceará;0,368;2021;0,74
DF;53;Distrito Federal;0,25;2021;0,823
ES;32;Espírito Santo;0,29900000000000004;2021;0,754
GO;52;Goiás;0,32799999999999996;2021;0,755
MA;21;Maranhão;0,388;2021;0,701
MG;31;Minas Gerais;0,33100000000000007;2021;0,763
MS;50;Mato Grosso do Sul;0,30900000000000005;2021;0,748
MT;51;Mato Grosso;0,36300000000000004;2021;0,745
PA;15;Pará;0,34500000000000003;2021;0,706
PB;25;Paraíba;0,378;2021;0,703
PE;26;Pernambuco;0,327;2021;0,716
PI;22;Piauí;0,402;2021;0,716
PR;41;Paraná;0,31499999999999995;2021;0,767
RJ;33;Rio de Janeiro;0,246;2021;0,763
RN;24;Rio Grande do Norte;0,35000000000000003;2021;0,723
RO;11;Rondônia;0,37900000000000006;2021;0,708
RR;14;Roraima;0,321;2021;0,694
RS;43;Rio Grande do Sul;0,2759999999999999;2021;0,772
SC;42;Santa Catarina;0,2899999999999999;2021;0,789
SE;28;Sergipe;0,35300000000000004;2021;0,712
SP;35;São Paulo;0,26;2021;0,801
TO;17;Tocantins;0,42800000000000005;2021;0,731
AC;12;Acre;0,352;2022;0,732
AL;27;Alagoas;0,376;2022;0,722
AM;13;Amazonas;0,337;2022;0,757
AP;16;Amapá;0,28700000000000003;2022;0,743
BA;29;Bahia;0,373;2022;0,734
CE;23;Ceará;0,368;2022;0,759
DF;53;Distrito Federal;0,25;2022;0,867
ES;32;Espírito Santo;0,29900000000000004;2022;0,782
GO;52;Goiás;0,32799999999999996;2022;0,797
MA;21;Maranhão;0,388;2022;0,73
MG;31;Minas Gerais;0,33100000000000007;2022;0,793
MS;50;Mato Grosso do Sul;0,30900000000000005;2022;0,781
MT;51;Mato Grosso;0,36300000000000004;2022;0,794
PA;15;Pará;0,34500000000000003;2022;0,734
PB;25;Paraíba;0,378;2022;0,737
PE;26;Pernambuco;0,327;2022;0,745
PI;22;Piauí;0,402;2022;0,743
PR;41;Paraná;0,31499999999999995;2022;0,8
RJ;33;Rio de Janeiro;0,246;2022;0,804
RN;24;Rio Grande do Norte;0,35000000000000003;2022;0,744
RO;11;Rondônia;0,37900000000000006;2022;0,762
RR;14;Roraima;0,321;2022;0,763
RS;43;Rio Grande do Sul;0,2759999999999999;2022;0,796
SC;42;Santa Catarina;0,2899999999999999;2022;0,811
SE;28;Sergipe;0,35300000000000004;2022;0,738
SP;35;São Paulo;0,26;2022;0,828
TO;17;Tocantins;0,42800000000000005;2022;0,777
AC;12;Acre;0,352;2023;0,74
AL;27;Alagoas;0,376;2023;0,739
AM;13;Amazonas;0,337;2023;0,764
AP;16;Amapá;0,28700000000000003;2023;0,767
BA;29;Bahia;0,373;2023;0,74
CE;23;Ceará;0,368;2023;0,773
DF;53;Distrito Federal;0,25;2023;0,87
ES;32;Espírito Santo;0,29900000000000004;2023;0,803
GO;52;Goiás;0,32799999999999996;2023;0,809
MA;21;Maranhão;0,388;2023;0,74
MG;31;Minas Gerais;0,33100000000000007;2023;0,803
MS;50;Mato Grosso do Sul;0,30900000000000005;2023;0,79
MT;51;Mato Grosso;0,36300000000000004;2023;0,795
PA;15;Pará;0,34500000000000003;2023;0,753
PB;25;Paraíba;0,378;2023;0,757
PE;26;Pernambuco;0,327;2023;0,754
PI;22;Piauí;0,402;2023;0,761
PR;41;Paraná;0,31499999999999995;2023;0,812
RJ;33;Rio de Janeiro;0,246;2023;0,813
RN;24;Rio Grande do Norte;0,35000000000000003;2023;0,763
RO;11;Rondônia;0,37900000000000006;2023;0,768
RR;14;Roraima;0,321;2023;0,769
RS;43;Rio Grande do Sul;0,2759999999999999;2023;0,806
SC;42;Santa Catarina;0,2899999999999999;2023;0,821
SE;28;Sergipe;0,35300000000000004;2023;0,748
SP;35;São Paulo;0,26;2023;0,836
TO;17;Tocantins;0,42800000000000005;2023;0,789
AC;12;Acre;0,352;2024;0,754
AL;27;Alagoas;0,376;2024;0,746
AM;13;Amazonas;0,337;2024;0,767
AP;16;Amapá;0,28700000000000003;2024;0,759
BA;29;Bahia;0,373;2024;0,759
CE;23;Ceará;0,368;2024;0,773
DF;53;Distrito Federal;0,25;2024;0,866
ES;32;Espírito Santo;0,29900000000000004;2024;0,804
GO;52;Goiás;0,32799999999999996;2024;0,815
MA;21;Maranhão;0,388;2024;0,745
MG;31;Minas Gerais;0,33100000000000007;2024;0,809
MS;50;Mato Grosso do Sul;0,30900000000000005;2024;0,797
MT;51;Mato Grosso;0,36300000000000004;2024;0,812
PA;15;Pará;0,34500000000000003;2024;0,758
PB;25;Paraíba;0,378;2024;0,76
PE;26;Pernambuco;0,327;2024;0,767
PI;22;Piauí;0,402;2024;0,764
PR;41;Paraná;0,31499999999999995;2024;0,822
RJ;33;Rio de Janeiro;0,246;2024;0,819
RN;24;Rio Grande do Norte;0,35000000000000003;2024;0,778
RO;11;Rondônia;0,37900000000000006;2024;0,786
RR;14;Roraima;0,321;2024;0,78
RS;43;Rio Grande do Sul;0,2759999999999999;2024;0,818
SC;42;Santa Catarina;0,2899999999999999;2024;0,833
SE;28;Sergipe;0,35300000000000004;2024;0,761
SP;35;São Paulo;0,26;2024;0,838
TO;17;Tocantins;0,42800000000000005;2024;0,797
