tipo,grupo,faturamento,quantidade,vendas,ticket_medio
Loja,Loja Centro,"102074,56915611814","131,084388185654",46,"2219,01237295909"
Loja,Loja Nordeste,"157915,1","139,0",42,"3759,8833333333337"
Loja,Loja Norte,"149067,45","160,0",53,"2812,5933962264153"
Loja,Loja Oeste,"139613,8","123,0",39,"3579,841025641025"
Loja,Loja Sul,"244130,81371467575","177,042194092827",60,"4068,846895244596"
Região,Centro-Oeste,"139613,8","123,0",39,"3579,841025641025"
Região,Nordeste,"157915,1","139,0",42,"3759,8833333333337"
Região,Norte,"149067,45","160,0",53,"2812,5933962264153"
Região,Sudeste,"102074,56915611814","131,084388185654",46,"2219,01237295909"
Região,Sul,"244130,81371467575","177,042194092827",60,"4068,846895244596"
Mês,2025-01,"85302,84411002375","53,042194092827",21,"4062,0401957154168"
Mês,2025-02,"60579,31","58,0",18,"3365,5172222222222"
Mês,2025-03,"94387,724092827","72,042194092827",21,"4494,653528229857"
Mês,2025-04,"64480,89000000001","56,0",19,"3393,731052631579"
Mês,2025-05,"82236,41369747899","70,0",21,"3916,019699879952"
Mês,2025-06,"74997,86","62,0",19,"3947,255789473684"
Mês,2025-07,"39753,390970464134","62,042194092827",21,"1893,0186176411491"
Mês,2025-08,"79051,4","63,0",20,"3952,5699999999997"
Mês,2025-09,"72828,3","60,0",20,"3641,415"
Mês,2025-10,"65483,15","61,0",20,"3274,1575000000003"
Mês,2025-11,"41980,39","56,0",20,"2099,0195"
Mês,2025-12,"31720,06","57,0",20,"1586,0030000000002"
Produto,Fone,"29750,620970464137","135,042194092827",51,"583,345509224787"
Produto,Monitor,"197882,74","165,0",49,"4038,423265306122"
Produto,Mouse,"17052,439621848738","155,0",51,"334,36156121272035"
Produto,Notebook,"530089,342278481","152,084388185654",47,"11278,496644223"
Produto,Teclado,"18026,59","123,0",42,"429,20452380952383"
