data,loja,produto,quantidade,preco_unitario,regiao,categoria
2025-01-01 00:00:00.000000000,Loja Sul,Teclado,1.0,145.15,Sul,Acessórios
2025-01-02 12:33:08.284518828,Loja Oeste,Notebook,4.0,3434.35,Centro-Oeste,Informática
2025-01-04 01:06:16.569037656,Loja Centro,Notebook,2.0,3924.37,Sudeste,Informática
2025-01-05 13:39:24.853556485,Loja Oeste,Teclado,5.0,143.17,Centro-Oeste,Acessórios
2025-01-07 02:12:33.138075313,Loja Oeste,Teclado,1.0,150.63,Centro-Oeste,Acessórios
2025-01-08 14:45:41.422594142,Loja Nordeste,Teclado,3.0,162.76,Nordeste,Acessórios
2025-01-10 03:18:49.707112970,Loja Centro,Monitor,1.0,1162.76,Sudeste,Informática
2025-01-11 15:51:57.991631799,Loja Centro,Notebook,,3628.19,Sudeste,Informática
2025-01-13 04:25:06.276150627,Loja Centro,Monitor,4.0,1330.45,Sudeste,Informática
2025-01-14 16:58:14.560669456,Loja Oeste,Teclado,2.0,170.23,Centro-Oeste,Acessórios
2025-01-16 05:31:22.845188284,Loja Sul,Notebook,1.0,3129.43,Sul,Informática
2025-01-17 18:04:31.129707113,Loja Centro,Monitor,5.0,1353.57,Sudeste,Informática
2025-01-19 06:37:39.414225941,Loja Oeste,Monitor,4.0,1197.16,Centro-Oeste,Informática
2025-01-20 19:10:47.698744770,Loja Nordeste,Teclado,1.0,139.12,Nordeste,Acessórios
2025-01-22 07:43:55.983263598,Loja Sul,Notebook,5.0,3457.09,Sul,Informática
2025-01-23 20:17:04.267782426,Loja Nordeste,Teclado,1.0,171.6,Nordeste,Acessórios
2025-01-25 08:50:12.552301255,Loja Sul,Notebook,3.0,3492.25,Sul,Informática
2025-01-26 21:23:20.836820083,Loja Oeste,Fone,1.0,208.7,Centro-Oeste,Áudio
2025-01-28 09:56:29.121338912,Loja Norte,Mouse,1.0,83.2,Norte,Acessórios
2025-01-29 22:29:37.405857740,Loja Sul,Mouse,1.0,,Sul,Acessórios
2025-01-31 11:02:45.690376569,Loja Nordeste,Mouse,4.0,69.82,Nordeste,Acessórios
2025-02-01 23:35:53.974895397,Loja Oeste,Teclado,1.0,133.3,Centro-Oeste,Acessórios
2025-02-03 12:09:02.259414226,Loja Sul,Fone,5.0,195.45,Sul,Áudio
2025-02-05 00:42:10.543933054,Loja Norte,Notebook,3.0,3134.5,Norte,Informática
2025-02-06 13:15:18.828451883,Loja Norte,Monitor,3.0,1069.98,Norte,Informática
2025-02-08 01:48:27.112970711,Loja Centro,Notebook,1.0,3647.92,Sudeste,Informática
2025-02-09 14:21:35.397489540,Loja Centro,Monitor,4.0,1085.48,Sudeste,Informática
2025-02-11 02:54:43.682008368,Loja Nordeste,Notebook,4.0,3337.95,Nordeste,Informática
2025-02-12 15:27:51.966527196,Loja Sul,Fone,5.0,246.19,Sul,Áudio
2025-02-14 04:01:00.251046025,Loja Sul,Monitor,1.0,1190.63,Sul,Informática
2025-02-15 16:34:08.535564853,Loja Centro,Teclado,3.0,157.54,Sudeste,Acessórios
2025-02-17 05:07:16.820083682,Loja Sul,Notebook,4.0,3155.94,Sul,Informática
2025-02-18 17:40:25.104602510,Loja Sul,Notebook,1.0,3176.9,Sul,Informática
2025-02-20 06:13:33.389121339,Loja Norte,Monitor,4.0,1034.71,Norte,Informática
2025-02-21 18:46:41.673640167,Loja Centro,Teclado,4.0,135.1,Sudeste,Acessórios
2025-02-23 07:19:49.958158996,Loja Oeste,Teclado,3.0,140.04,Centro-Oeste,Acessórios
2025-02-24 19:52:58.242677824,Loja Centro,Fone,2.0,198.68,Sudeste,Áudio
2025-02-26 08:26:06.527196653,Loja Oeste,Teclado,5.0,131.49,Centro-Oeste,Acessórios
2025-02-27 20:59:14.811715481,Loja Norte,Teclado,5.0,132.93,Norte,Acessórios
2025-03-01 09:32:23.096234310,Loja Nordeste,Teclado,3.0,148.24,Nordeste,Acessórios
2025-03-02 22:05:31.380753138,Loja Sul,Mouse,4.0,72.95,Sul,Acessórios
2025-03-04 10:38:39.665271967,Loja Norte,Fone,1.0,211.04,Norte,Áudio
2025-03-05 23:11:47.949790795,Loja Sul,Notebook,4.0,3503.59,Sul,Informática
2025-03-07 11:44:56.234309623,Loja Nordeste,Monitor,3.0,1268.54,Nordeste,Informática
2025-03-09 00:18:04.518828452,Loja Nordeste,Notebook,5.0,3016.28,Nordeste,Informática
2025-03-10 12:51:12.803347280,Loja Norte,Fone,4.0,239.76,Norte,Áudio
2025-03-12 01:24:21.087866109,Loja Nordeste,Monitor,5.0,1246.04,Nordeste,Informática
2025-03-13 13:57:29.372384937,Loja Oeste,Fone,1.0,192.4,Centro-Oeste,Áudio
2025-03-15 02:30:37.656903766,Loja Nordeste,Teclado,5.0,166.81,Nordeste,Acessórios
2025-03-16 15:03:45.941422594,Loja Sul,Monitor,5.0,1351.51,Sul,Informática
2025-03-18 03:36:54.225941423,Loja Sul,Teclado,2.0,130.25,Sul,Acessórios
2025-03-19 16:10:02.510460251,Loja Sul,Notebook,,3265.72,Sul,Informática
2025-03-21 04:43:10.794979080,Loja Sul,Notebook,2.0,3821.51,Sul,Informática
2025-03-22 17:16:19.079497908,Loja Oeste,Monitor,5.0,1289.37,Centro-Oeste,Informática
2025-03-24 05:49:27.364016736,Loja Centro,Monitor,3.0,1086.43,Sudeste,Informática
2025-03-25 18:22:35.648535565,Loja Norte,Fone,5.0,200.82,Norte,Áudio
2025-03-27 06:55:43.933054393,Loja Sul,Fone,3.0,211.45,Sul,Áudio
2025-03-28 19:28:52.217573222,Loja Nordeste,Teclado,3.0,149.3,Nordeste,Acessórios
2025-03-30 08:02:00.502092050,Loja Sul,Monitor,2.0,1242.57,Sul,Informática
2025-03-31 20:35:08.786610879,Loja Nordeste,Notebook,4.0,3362.36,Nordeste,Informática
2025-04-02 09:08:17.071129707,Loja Nordeste,Fone,1.0,217.53,Nordeste,Áudio
2025-04-03 21:41:25.355648536,Loja Sul,Fone,2.0,236.33,Sul,Áudio
2025-04-05 10:14:33.640167364,Loja Oeste,Notebook,2.0,3013.52,Centro-Oeste,Informática
2025-04-06 22:47:41.924686193,Loja Nordeste,Fone,4.0,203.66,Nordeste,Áudio
2025-04-08 11:20:50.209205021,Loja Nordeste,Teclado,1.0,159.6,Nordeste,Acessórios
2025-04-09 23:53:58.493723849,Loja Sul,Monitor,5.0,1342.27,Sul,Informática
2025-04-11 12:27:06.778242678,Loja Nordeste,Notebook,5.0,3512.26,Nordeste,Informática
2025-04-13 01:00:15.062761506,Loja Nordeste,Monitor,2.0,1211.56,Nordeste,Informática
2025-04-14 13:33:23.347280335,Loja Sul,Fone,1.0,194.07,Sul,Áudio
2025-04-16 02:06:31.631799164,Loja Sul,Fone,2.0,216.53,Sul,Áudio
2025-04-17 14:39:39.916317992,Loja Norte,Notebook,3.0,3534.25,Norte,Informática
2025-04-19 03:12:48.200836820,Loja Oeste,Teclado,2.0,138.41,Centro-Oeste,Acessórios
2025-04-20 15:45:56.485355648,Loja Oeste,Mouse,2.0,74.46,Centro-Oeste,Acessórios
2025-04-22 04:19:04.769874478,Loja Nordeste,Notebook,5.0,3371.15,Nordeste,Informática
2025-04-23 16:52:13.054393306,Loja Oeste,Mouse,5.0,68.48,Centro-Oeste,Acessórios
2025-04-25 05:25:21.338912134,Loja Nordeste,Mouse,5.0,75.73,Nordeste,Acessórios
2025-04-26 17:58:29.623430962,Loja Norte,Teclado,3.0,137.02,Norte,Acessórios
2025-04-28 06:31:37.907949790,Loja Sul,Mouse,5.0,75.86,Sul,Acessórios
2025-04-29 19:04:46.192468620,Loja Sul,Mouse,1.0,70.87,Sul,Acessórios
2025-05-01 07:37:54.476987448,Loja Sul,Teclado,4.0,167.57,Sul,Acessórios
2025-05-02 20:11:02.761506276,Loja Oeste,Mouse,1.0,82.25,Centro-Oeste,Acessórios
2025-05-04 08:44:11.046025104,Loja Norte,Mouse,1.0,84.3,Norte,Acessórios
2025-05-05 21:17:19.330543934,Loja Oeste,Mouse,5.0,86.94,Centro-Oeste,Acessórios
2025-05-07 09:50:27.615062762,Loja Oeste,Notebook,4.0,3498.36,Centro-Oeste,Informática
2025-05-08 22:23:35.899581590,Loja Norte,Notebook,4.0,3066.27,Norte,Informática
2025-05-10 10:56:44.184100418,Loja Norte,Notebook,4.0,3538.96,Norte,Informática
2025-05-11 23:29:52.468619246,Loja Norte,Teclado,3.0,153.91,Norte,Acessórios
2025-05-13 12:03:00.753138076,Loja Norte,Fone,5.0,236.2,Norte,Áudio
2025-05-15 00:36:09.037656904,Loja Sul,Mouse,4.0,,Sul,Acessórios
2025-05-16 13:09:17.322175732,Loja Centro,Mouse,3.0,71.06,Sudeste,Acessórios
2025-05-18 01:42:25.606694560,Loja Centro,Teclado,2.0,140.27,Sudeste,Acessórios
2025-05-19 14:15:33.891213390,Loja Norte,Mouse,2.0,76.71,Norte,Acessórios
2025-05-21 02:48:42.175732218,Loja Centro,Notebook,3.0,3653.21,Sudeste,Informática
2025-05-22 15:21:50.460251046,Loja Centro,Fone,3.0,224.67,Sudeste,Áudio
2025-05-24 03:54:58.744769874,Loja Norte,Monitor,5.0,1148.19,Norte,Informática
2025-05-25 16:28:07.029288704,Loja Centro,Mouse,5.0,91.68,Sudeste,Acessórios
2025-05-27 05:01:15.313807532,Loja Oeste,Notebook,2.0,3611.06,Centro-Oeste,Informática
2025-05-28 17:34:23.598326360,Loja Nordeste,Monitor,4.0,1105.4,Nordeste,Informática
2025-05-30 06:07:31.882845188,Loja Nordeste,Fone,2.0,193.72,Nordeste,Áudio
2025-05-31 18:40:40.167364016,Loja Norte,Monitor,4.0,1075.03,Norte,Informática
2025-06-02 07:13:48.451882846,Loja Sul,Notebook,4.0,3233.26,Sul,Informática
2025-06-03 19:46:56.736401674,Loja Norte,Monitor,5.0,1077.85,Norte,Informática
2025-06-05 08:20:05.020920502,Loja Sul,Teclado,1.0,135.9,Sul,Acessórios
2025-06-06 20:53:13.305439330,Loja Nordeste,Monitor,1.0,1122.63,Nordeste,Informática
2025-06-08 09:26:21.589958160,Loja Norte,Mouse,3.0,72.16,Norte,Acessórios
2025-06-09 21:59:29.874476988,Loja Oeste,Mouse,5.0,89.52,Centro-Oeste,Acessórios
2025-06-11 10:32:38.158995816,Loja Centro,Teclado,4.0,131.11,Sudeste,Acessórios
2025-06-12 23:05:46.443514644,Loja Sul,Notebook,1.0,3525.74,Sul,Informática
2025-06-14 11:38:54.728033472,Loja Centro,Mouse,4.0,77.85,Sudeste,Acessórios
2025-06-16 00:12:03.012552302,Loja Centro,Fone,1.0,251.84,Sudeste,Áudio
2025-06-17 12:45:11.297071130,Loja Norte,Mouse,1.0,70.69,Norte,Acessórios
2025-06-19 01:18:19.581589958,Loja Centro,Mouse,1.0,77.55,Sudeste,Acessórios
2025-06-20 13:51:27.866108786,Loja Oeste,Notebook,5.0,3992.94,Centro-Oeste,Informática
2025-06-22 02:24:36.150627616,Loja Centro,Monitor,2.0,1331.58,Sudeste,Informática
2025-06-23 14:57:44.435146444,Loja Norte,Mouse,4.0,87.61,Norte,Acessórios
2025-06-25 03:30:52.719665272,Loja Oeste,Teclado,5.0,139.11,Centro-Oeste,Acessórios
2025-06-26 16:04:01.004184100,Loja Nordeste,Monitor,5.0,1081.52,Nordeste,Informática
2025-06-28 04:37:09.288702930,Loja Centro,Fone,5.0,231.13,Sudeste,Áudio
2025-06-29 17:10:17.573221758,Loja Norte,Notebook,5.0,3950.84,Norte,Informática
2025-07-01 05:43:25.857740586,Loja Nordeste,Fone,5.0,223.75,Nordeste,Áudio
2025-07-02 18:16:34.142259414,Loja Nordeste,Monitor,3.0,1225.78,Nordeste,Informática
2025-07-04 06:49:42.426778242,Loja Sul,Monitor,4.0,1120.79,Sul,Informática
2025-07-05 19:22:50.711297072,Loja Oeste,Monitor,5.0,1297.02,Centro-Oeste,Informática
2025-07-07 07:55:58.995815900,Loja Centro,Fone,,199.34,Sudeste,Áudio
2025-07-08 20:29:07.280334728,Loja Norte,Monitor,3.0,1136.52,Norte,Informática
2025-07-10 09:02:15.564853556,Loja Sul,Fone,3.0,215.08,Sul,Áudio
2025-07-11 21:35:23.849372386,Loja Oeste,Monitor,4.0,1202.74,Centro-Oeste,Informática
2025-07-13 10:08:32.133891214,Loja Sul,Teclado,1.0,138.41,Sul,Acessórios
2025-07-14 22:41:40.418410042,Loja Oeste,Monitor,2.0,1061.34,Centro-Oeste,Informática
2025-07-16 11:14:48.702928870,Loja Oeste,Fone,1.0,227.3,Centro-Oeste,Áudio
2025-07-17 23:47:56.987447698,Loja Centro,Mouse,1.0,74.93,Sudeste,Acessórios
2025-07-19 12:21:05.271966528,Loja Oeste,Monitor,1.0,1229.25,Centro-Oeste,Informática
2025-07-21 00:54:13.556485356,Loja Sul,Mouse,5.0,71.7,Sul,Acessórios
2025-07-22 13:27:21.841004184,Loja Oeste,Teclado,3.0,149.15,Centro-Oeste,Acessórios
2025-07-24 02:00:30.125523012,Loja Centro,Notebook,1.0,3534.22,Sudeste,Informática
2025-07-25 14:33:38.410041842,Loja Centro,Teclado,3.0,129.83,Sudeste,Acessórios
2025-07-27 03:06:46.694560670,Loja Sul,Monitor,4.0,1141.18,Sul,Informática
2025-07-28 15:39:54.979079500,Loja Nordeste,Mouse,2.0,71.23,Nordeste,Acessórios
2025-07-30 04:13:03.263598328,Loja Nordeste,Mouse,4.0,69.52,Nordeste,Acessórios
2025-07-31 16:46:11.548117156,Loja Oeste,Fone,4.0,252.34,Centro-Oeste,Áudio
2025-08-02 05:19:19.832635984,Loja Norte,Mouse,5.0,75.74,Norte,Acessórios
2025-08-03 17:52:28.117154812,Loja Oeste,Fone,2.0,240.45,Centro-Oeste,Áudio
2025-08-05 06:25:36.401673640,Loja Sul,Notebook,4.0,3242.37,Sul,Informática
2025-08-06 18:58:44.686192468,Loja Sul,Monitor,4.0,1265.34,Sul,Informática
2025-08-08 07:31:52.970711296,Loja Sul,Fone,2.0,237.18,Sul,Áudio
2025-08-09 20:05:01.255230124,Loja Sul,Notebook,2.0,3600.42,Sul,Informática
2025-08-11 08:38:09.539748956,Loja Sul,Mouse,4.0,79.32,Sul,Acessórios
2025-08-12 21:11:17.824267784,Loja Centro,Mouse,2.0,77.88,Sudeste,Acessórios
2025-08-14 09:44:26.108786612,Loja Nordeste,Notebook,4.0,3341.31,Nordeste,Informática
2025-08-15 22:17:34.393305440,Loja Sul,Mouse,4.0,90.31,Sul,Acessórios
2025-08-17 10:50:42.677824268,Loja Norte,Notebook,5.0,3847.15,Norte,Informática
2025-08-18 23:23:50.962343096,Loja Norte,Fone,1.0,250.69,Norte,Áudio
2025-08-20 11:56:59.246861924,Loja Norte,Fone,4.0,195.2,Norte,Áudio
2025-08-22 00:30:07.531380752,Loja Norte,Notebook,3.0,3742.41,Norte,Informática
2025-08-23 13:03:15.815899580,Loja Centro,Fone,1.0,248.93,Sudeste,Áudio
2025-08-25 01:36:24.100418412,Loja Norte,Fone,1.0,198.96,Norte,Áudio
2025-08-26 14:09:32.384937240,Loja Sul,Fone,1.0,191.39,Sul,Áudio
2025-08-28 02:42:40.669456068,Loja Oeste,Teclado,5.0,160.85,Centro-Oeste,Acessórios
2025-08-29 15:15:48.953974896,Loja Norte,Monitor,4.0,1226.81,Norte,Informática
2025-08-31 03:48:57.238493724,Loja Centro,Mouse,5.0,88.2,Sudeste,Acessórios
2025-09-01 16:22:05.523012552,Loja Centro,Teclado,4.0,133.79,Sudeste,Acessórios
2025-09-03 04:55:13.807531380,Loja Norte,Fone,5.0,239.49,Norte,Áudio
2025-09-04 17:28:22.092050208,Loja Oeste,Notebook,5.0,3186.71,Centro-Oeste,Informática
2025-09-06 06:01:30.376569036,Loja Norte,Fone,3.0,197.8,Norte,Áudio
2025-09-07 18:34:38.661087868,Loja Centro,Monitor,5.0,1079.14,Sudeste,Informática
2025-09-09 07:07:46.945606696,Loja Nordeste,Fone,2.0,240.76,Nordeste,Áudio
2025-09-10 19:40:55.230125524,Loja Sul,Notebook,3.0,3673.46,Sul,Informática
2025-09-12 08:14:03.514644352,Loja Centro,Monitor,5.0,1208.3,Sudeste,Informática
2025-09-13 20:47:11.799163180,Loja Norte,Fone,1.0,210.68,Norte,Áudio
2025-09-15 09:20:20.083682008,Loja Sul,Monitor,2.0,1335.79,Sul,Informática
2025-09-16 21:53:28.368200836,Loja Norte,Mouse,2.0,77.42,Norte,Acessórios
2025-09-18 10:26:36.652719664,Loja Norte,Mouse,2.0,87.6,Norte,Acessórios
2025-09-19 22:59:44.937238492,Loja Nordeste,Fone,3.0,215.98,Nordeste,Áudio
2025-09-21 11:32:53.221757324,Loja Sul,Monitor,5.0,1155.7,Sul,Informática
2025-09-23 00:06:01.506276152,Loja Sul,Notebook,5.0,3460.81,Sul,Informática
2025-09-24 12:39:09.790794980,Loja Nordeste,Fone,1.0,206.89,Nordeste,Áudio
2025-09-26 01:12:18.075313808,Loja Centro,Mouse,1.0,85.94,Sudeste,Acessórios
2025-09-27 13:45:26.359832636,Loja Norte,Mouse,2.0,80.07,Norte,Acessórios
2025-09-29 02:18:34.644351464,Loja Oeste,Fone,1.0,202.33,Centro-Oeste,Áudio
2025-09-30 14:51:42.928870292,Loja Norte,Monitor,3.0,1343.85,Norte,Informática
2025-10-02 03:24:51.213389120,Loja Norte,Mouse,5.0,77.21,Norte,Acessórios
2025-10-03 15:57:59.497907952,Loja Centro,Monitor,2.0,1215.68,Sudeste,Informática
2025-10-05 04:31:07.782426780,Loja Norte,Mouse,1.0,89.76,Norte,Acessórios
2025-10-06 17:04:16.066945608,Loja Nordeste,Mouse,3.0,82.98,Nordeste,Acessórios
2025-10-08 05:37:24.351464436,Loja Nordeste,Teclado,3.0,132.76,Nordeste,Acessórios
2025-10-09 18:10:32.635983264,Loja Sul,Mouse,1.0,90.56,Sul,Acessórios
2025-10-11 06:43:40.920502092,Loja Oeste,Notebook,5.0,3634.09,Centro-Oeste,Informática
2025-10-12 19:16:49.205020920,Loja Norte,Fone,1.0,209.1,Norte,Áudio
2025-10-14 07:49:57.489539748,Loja Norte,Fone,2.0,196.19,Norte,Áudio
2025-10-15 20:23:05.774058576,Loja Centro,Monitor,1.0,1305.85,Sudeste,Informática
2025-10-17 08:56:14.058577408,Loja Nordeste,Mouse,3.0,82.88,Nordeste,Acessórios
2025-10-18 21:29:22.343096236,Loja Oeste,Notebook,1.0,3535.13,Centro-Oeste,Informática
2025-10-20 10:02:30.627615064,Loja Sul,Monitor,5.0,1341.8,Sul,Informática
2025-10-21 22:35:38.912133892,Loja Nordeste,Teclado,4.0,162.99,Nordeste,Acessórios
2025-10-23 11:08:47.196652720,Loja Sul,Monitor,1.0,1074.6,Sul,Informática
2025-10-24 23:41:55.481171548,Loja Centro,Monitor,5.0,1132.22,Sudeste,Informática
2025-10-26 12:15:03.765690376,Loja Centro,Mouse,5.0,73.96,Sudeste,Acessórios
2025-10-28 00:48:12.050209204,Loja Norte,Teclado,3.0,160.98,Norte,Acessórios
2025-10-29 13:21:20.334728032,Loja Oeste,Monitor,5.0,1032.07,Centro-Oeste,Informática
2025-10-31 01:54:28.619246864,Loja Sul,Notebook,5.0,3573.38,Sul,Informática
2025-11-01 14:27:36.903765692,Loja Nordeste,Notebook,5.0,3775.58,Nordeste,Informática
2025-11-03 03:00:45.188284520,Loja Centro,Fone,5.0,244.87,Sudeste,Áudio
2025-11-04 15:33:53.472803348,Loja Norte,Teclado,2.0,142.89,Norte,Acessórios
2025-11-06 04:07:01.757322176,Loja Norte,Teclado,2.0,164.46,Norte,Acessórios
2025-11-07 16:40:10.041841004,Loja Sul,Fone,3.0,194.3,Sul,Áudio
2025-11-09 05:13:18.326359832,Loja Centro,Monitor,1.0,1324.72,Sudeste,Informática
2025-11-10 17:46:26.610878660,Loja Oeste,Teclado,5.0,133.24,Centro-Oeste,Acessórios
2025-11-12 06:19:34.895397488,Loja Centro,Notebook,1.0,3392.15,Sudeste,Informática
2025-11-13 18:52:43.179916320,Loja Sul,Notebook,1.0,3812.16,Sul,Informática
2025-11-15 07:25:51.464435148,Loja Sul,Mouse,3.0,71.6,Sul,Acessórios
2025-11-16 19:58:59.748953976,Loja Centro,Teclado,5.0,137.82,Sudeste,Acessórios
2025-11-18 08:32:08.033472804,Loja Sul,Monitor,5.0,1280.01,Sul,Informática
2025-11-19 21:05:16.317991632,Loja Centro,Fone,4.0,234.52,Sudeste,Áudio
2025-11-21 09:38:24.602510460,Loja Nordeste,Fone,1.0,229.32,Nordeste,Áudio
2025-11-22 22:11:32.887029288,Loja Centro,Monitor,1.0,1269.82,Sudeste,Informática
2025-11-24 10:44:41.171548116,Loja Centro,Mouse,2.0,81.03,Sudeste,Acessórios
2025-11-25 23:17:49.456066944,Loja Sul,Fone,4.0,203.62,Sul,Áudio
2025-11-27 11:50:57.740585776,Loja Sul,Teclado,2.0,143.06,Sul,Acessórios
2025-11-29 00:24:06.025104604,Loja Norte,Mouse,2.0,72.36,Norte,Acessórios
2025-11-30 12:57:14.309623432,Loja Norte,Teclado,2.0,168.38,Norte,Acessórios
2025-12-02 01:30:22.594142260,Loja Nordeste,Notebook,3.0,3587.56,Nordeste,Informática
2025-12-03 14:03:30.878661088,Loja Norte,Mouse,3.0,77.62,Norte,Acessórios
2025-12-05 02:36:39.163179916,Loja Centro,Fone,2.0,217.49,Sudeste,Áudio
2025-12-06 15:09:47.447698744,Loja Sul,Mouse,4.0,90.73,Sul,Acessórios
2025-12-08 03:42:55.732217572,Loja Norte,Mouse,1.0,71.68,Norte,Acessórios
2025-12-09 16:16:04.016736400,Loja Norte,Mouse,4.0,82.07,Norte,Acessórios
2025-12-11 04:49:12.301255232,Loja Nordeste,Mouse,5.0,80.14,Nordeste,Acessórios
2025-12-12 17:22:20.585774060,Loja Nordeste,Teclado,3.0,155.02,Nordeste,Acessórios
2025-12-14 05:55:28.870292888,Loja Centro,Notebook,1.0,2994.02,Sudeste,Informática
2025-12-15 18:28:37.154811716,Loja Sul,Monitor,1.0,1333.96,Sul,Informática
2025-12-17 07:01:45.439330544,Loja Nordeste,Mouse,5.0,90.37,Nordeste,Acessórios
2025-12-18 19:34:53.723849372,Loja Norte,Fone,5.0,224.3,Norte,Áudio
2025-12-20 08:08:02.008368200,Loja Sul,Mouse,2.0,84.72,Sul,Acessórios
2025-12-21 20:41:10.292887028,Loja Sul,Fone,3.0,247.88,Sul,Áudio
2025-12-23 09:14:18.577405860,Loja Norte,Teclado,3.0,159.33,Norte,Acessórios
2025-12-24 21:47:26.861924688,Loja Nordeste,Fone,4.0,197.07,Nordeste,Áudio
2025-12-26 10:20:35.146443516,Loja Norte,Monitor,2.0,1227.46,Norte,Informática
2025-12-27 22:53:43.430962344,Loja Sul,Notebook,2.0,3612.05,Sul,Informática
2025-12-29 11:26:51.715481172,Loja Oeste,Fone,2.0,214.99,Centro-Oeste,Áudio
2025-12-31 00:00:00.000000000,Loja Oeste,Fone,2.0,235.61,Centro-Oeste,Áudio
